INSERT INTO team (team_id, location, nickname, conference, division) VALUES
                                                                         (1, 'New York', 'Giants', 'nfc', 'east'),
                                                                         (2, 'Dallas', 'Cowboys', 'nfc', 'east'),
                                                                         (3, 'Philadelphia', 'Eagles', 'nfc', 'east'),
                                                                         (4, 'Washington', 'Commanders', 'nfc', 'east'),
                                                                         (5, 'Green Bay', 'Packers', 'nfc', 'north'),
                                                                         (6, 'Chicago', 'Bears', 'nfc', 'north'),
                                                                         (7, 'Detroit', 'Lions', 'nfc', 'north'),
                                                                         (8, 'Minneapolis', 'Vikings', 'nfc', 'north'),
                                                                         (9, 'San Francisco', '49ers', 'nfc', 'west'),
                                                                         (10, 'Los Angeles', 'Rams', 'nfc', 'west'),
                                                                         (11, 'Seattle', 'Seahawks', 'nfc', 'west'),
                                                                         (12, 'Arizona', 'Cardinals', 'nfc', 'west'),
                                                                         (13, 'New Orleans', 'Saints', 'afc', 'south'),
                                                                         (14, 'Tampa Bay', 'Buccaneers', 'afc', 'south'),
                                                                         (15, 'Atlanta', 'Falcons', 'afc', 'south');

INSERT INTO game (team_id1, team_id2, score1, score2, date) VALUES
                                                                (1, 2, 24, 17, '2024-09-10'),
                                                                (3, 4, 14, 28, '2024-09-11'),
                                                                (5, 6, 31, 21, '2024-09-12'),
                                                                (7, 8, 17, 17, '2024-09-13'),
                                                                (9, 10, 20, 23, '2024-09-14'),
                                                                (11, 12, 27, 30, '2024-09-15'),
                                                                (13, 14, 33, 27, '2024-09-16'),
                                                                (15, 1, 21, 24, '2024-09-17'),
                                                                (2, 3, 17, 14, '2024-09-18'),
                                                                (4, 5, 0, 7, '2024-09-19'),
                                                                (6, 7, 10, 10, '2024-09-20'),
                                                                (8, 9, 13, 6, '2024-09-21'),
                                                                (10, 11, 14, 20, '2024-09-22'),
                                                                (12, 13, 7, 34, '2024-09-23'),
                                                                (14, 15, 28, 24, '2024-09-24');


INSERT INTO player (player_id, team_id, name, position) VALUES
                                                            (1, 1, 'John Doe', 'quarterback'),
                                                            (2, 1, 'Alex Smith', 'running_back'),
                                                            (3, 2, 'Sarah Jones', 'wide_receiver'),
                                                            (4, 2, 'Mike Brown', 'tight_end'),
                                                            (5, 3, 'Emily White', 'defensive_end'),
                                                            (6, 3, 'Chris Green', 'linebacker'),
                                                            (7, 4, 'Jessica Black', 'cornerback'),
                                                            (8, 4, 'Aaron Gray', 'safety'),
                                                            (9, 5, 'Olivia Lewis', 'quarterback'),
                                                            (10, 5, 'Nathan Wilson', 'running_back'),
                                                            (11, 6, 'Lily Johnson', 'wide_receiver'),
                                                            (12, 6, 'Sophia Martinez', 'tight_end'),
                                                            (13, 7, 'Ethan King', 'defensive_end'),
                                                            (14, 7, 'Mason Hill', 'linebacker'),
                                                            (15, 8, 'Isabella Scott', 'cornerback'),
                                                            (16, 8, 'Mia Hall', 'safety'),
                                                            (17, 9, 'James Moore', 'quarterback'),
                                                            (18, 10, 'Amelia Taylor', 'running_back'),
                                                            (19, 11, 'Lucas Anderson', 'wide_receiver'),
                                                            (20, 12, 'Charlotte Thomas', 'tight_end'),
                                                            (21, 13, 'Henry Jackson', 'defensive_end'),
                                                            (22, 14, 'Zoe White', 'linebacker'),
                                                            (23, 15, 'Liam Harris', 'cornerback'),
                                                            (24, 15, 'Emma Clark', 'safety');
